{
  "boundingBox": {
    "minLat": 36.825573,
    "maxLat": 40.9879813,
    "minLng": 36.4434139,
    "maxLng": 40.6752577
  },
  "center": [38.5593358, 38.906777149999996],
  "selectedCoordinates": [
    [38.5593358, 38.906777149999996],
    [40.6597747, 40.9859323],
    [36.6651423, 36.827734],
    [36.7330076, 36.8712744],
    [36.7809391, 36.9420547],
    [36.8776381, 36.9855687],
    [36.7432165, 36.9530641],
    [36.7659831, 36.9176936],
    [36.8375283, 36.9175564],
    [36.70551, 36.9137221],
    [36.6226512, 37.0000893],
    [36.5016353, 36.9925873],
    [36.5016353, 36.9925873],
    [36.8844187, 36.9300402],
    [36.5298521, 36.9096945],
    [36.6305879, 37.0243598],
    [36.5364611, 36.9102521],
    [36.4439403, 36.9316065],
    [36.4884241, 36.9227052],
    [36.8103576, 36.9697468],
    [36.9370651, 37.0372543],
    [36.6237992, 37.0278802],
    [36.8103576, 36.9697468],
    [36.672256, 37.1433166],
    [36.7448044, 37.0621122],
    [36.6311243, 37.0256382],
    [36.6355848, 37.0056371],
    [36.6495752, 37.0118828],
    [36.6495752, 37.0118828],
    [36.6355848, 37.0056371],
    [36.6287291, 37.0812018],
    [36.6278252, 37.0282784],
    [36.638943, 37.0197855],
    [36.6457987, 37.0147442],
    [36.6284984, 37.0203509],
    [36.5733361, 37.0925933],
    [36.6834515, 37.0920113],
    [36.7197847, 37.1047703],
    [36.6457987, 37.0147442],
    [36.6192663, 36.9897594],
    [36.6237992, 37.0278802],
    [36.6287613, 37.0465031],
    [36.6287613, 37.0465031],
    [36.6258752, 37.0511356],
    [36.5733361, 37.0925933],
    [36.5757823, 37.0620437],
    [36.6128504, 37.0369032],
    [36.620661, 37.0005049],
    [36.6254568, 37.0272463],
    [36.6376997, 37.0258309],
    [36.6376997, 37.0258309],
    [36.5281677, 37.0153438],
    [36.5963387, 37.0167059],
    [36.6507554, 36.919362],
    [36.6008556, 36.9008752],
    [36.6869116, 36.9434267],
    [36.6168737, 36.9668323],
    [36.6572893, 36.9814207],
    [36.6869116, 36.9434267],
    [36.7041421, 36.9869656],
    [36.7091498, 36.916913],
    [36.7151928, 37.0322698],
    [36.7581189, 36.9706125],
    [36.7238939, 36.9804779],
    [36.8107009, 37.0135105],
    [36.7420041, 37.034882],
    [36.7572284, 37.0075649],
    [36.8232131, 37.0328874],
    [36.5653109, 36.9917989],
    [36.5987098, 36.9685038],
    [36.5576506, 36.9355289],
    [36.6507554, 36.919362],
    [36.5440142, 36.9139837],
    [40.651947, 40.975033]
  ],
  "neighborhoodSamples": {
    "İslahiye": [
      [40.6597747, 40.9859323],
      [40.6593006, 40.9861503],
      [40.6581995, 40.9865744]
    ],
    "Yolbaşı Mahallesi": [
      [36.6651423, 36.827734],
      [36.6649818, 36.8279826],
      [36.6651213, 36.8285923]
    ],
    "Kazıklı Mahallesi": [
      [36.7330076, 36.8712744],
      [36.7329597, 36.871493],
      [36.7328417, 36.8715703]
    ],
    "Çınarlı Mahallesi": [
      [36.7809391, 36.9420547],
      [36.7810464, 36.9417288],
      [36.7813468, 36.9413001]
    ],
    "Burunsuzlar Mahallesi": [
      [36.8776381, 36.9855687],
      [36.8774557, 36.9855516],
      [36.8772411, 36.985483]
    ],
    "Ortaklı Mahallesi": [
      [36.7432165, 36.9530641],
      [36.7396009, 36.9523868],
      [36.7384314, 36.9523954]
    ],
    "Güngören Mahallesi": [
      [36.7659831, 36.9176936],
      [36.7667288, 36.9178566],
      [36.7675924, 36.9182426]
    ],
    "Kale Mahallesi": [
      [36.8375283, 36.9175564],
      [36.8371689, 36.9171318],
      [36.8356132, 36.9157636]
    ],
    "Yesemek Mahallesi": [
      [36.70551, 36.9137221],
      [36.7057514, 36.9125683],
      [36.7053008, 36.9120879]
    ],
    "Kırıkçalı Mahallesi": [
      [36.6226512, 37.0000893],
      [36.6225278, 37.0000165],
      [36.622045, 37.0001193]
    ],
    "Tandır Mahallesi": [
      [36.5016353, 36.9925873],
      [36.500026, 36.9922445],
      [36.4978266, 36.9918246]
    ],
    "Köklü Mahallesi": [
      [36.5016353, 36.9925873],
      [36.504221, 36.9924073],
      [36.5055299, 36.9923131]
    ],
    "Karacaören Mahallesi": [
      [36.8844187, 36.9300402],
      [36.8853736, 36.9298944],
      [36.8862963, 36.9300059]
    ],
    "Esenler Mahallesi": [
      [36.5298521, 36.9096945],
      [36.5290475, 36.9095401],
      [36.5292782, 36.9090382]
    ],
    "Pınarbaşı Mahallesi": [
      [36.6305879, 37.0243598],
      [36.6300219, 37.0244968],
      [36.6292655, 37.024651]
    ],
    "Kayabaşı Mahallesi": [
      [36.5364611, 36.9102521],
      [36.5363431, 36.9117705],
      [36.5365362, 36.913409]
    ],
    "Yağızlar Mahallesi": [
      [36.4439403, 36.9316065],
      [36.4434139, 36.9303018],
      [36.4441864, 36.9272829]
    ],
    "Hasanlök Mahallesi": [
      [36.4884241, 36.9227052],
      [36.4767444, 36.9185385],
      [36.47506, 36.9180067]
    ],
    "Karakaya Mahallesi": [
      [36.8103576, 36.9697468],
      [36.8081152, 36.971564],
      [36.8072462, 36.9726011]
    ],
    "Yeniceli Mahallesi": [
      [36.9370651, 37.0372543],
      [36.935488, 37.037417],
      [36.9327843, 37.0386331]
    ],
    "Aydınlık Mahallesi": [
      [36.6237992, 37.0278802],
      [36.624046, 37.0276489],
      [36.6243517, 37.0274476]
    ],
    "Alaca Mahallesi": [
      [36.8103576, 36.9697468],
      [36.8116772, 36.9689239],
      [36.8126535, 36.9681095]
    ],
    "Kozdere Mahallesi": [
      [36.672256, 37.1433166],
      [36.6710651, 37.1435304],
      [36.6701746, 37.1440093]
    ],
    "Elbistanhüyüğü Mahallesi": [
      [36.7448044, 37.0621122],
      [36.7455768, 37.0621293],
      [36.7458343, 37.0622149]
    ],
    "Cumhuriyet Mahallesi": [
      [36.6311243, 37.0256382],
      [36.6309741, 37.0254069],
      [36.6316688, 37.0252998]
    ],
    "Fevzi Çakmak Mahallesi": [
      [36.6355848, 37.0056371],
      [36.633364, 37.0082717],
      [36.6331279, 37.0090385]
    ],
    "Cevdetpaşa Mahallesi": [
      [36.6495752, 37.0118828],
      [36.6491783, 37.0119428],
      [36.6488779, 37.0123069]
    ],
    "Yeniköy Mahallesi": [
      [36.6495752, 37.0118828],
      [36.6494733, 37.0114373],
      [36.6495323, 37.0111889]
    ],
    "Serinevler Mahallesi": [
      [36.6355848, 37.0056371],
      [36.635263, 37.0056928],
      [36.6326398, 37.0037436]
    ],
    "Türkbahçe Mahallesi": [
      [36.6287291, 37.0812018],
      [36.6267389, 37.0833201],
      [36.6254729, 37.0842103]
    ],
    "Burhaniye Mahallesi": [
      [36.6278252, 37.0282784],
      [36.6277689, 37.028165],
      [36.627785, 37.0281286]
    ],
    "Hacı Ali Öztürk Mahallesi": [
      [36.638943, 37.0197855],
      [36.638664, 37.0211904],
      [36.6385809, 37.0219121]
    ],
    "Bahçelievler Mahallesi": [
      [36.6457987, 37.0147442],
      [36.6460857, 37.0146264],
      [36.646429, 37.0145514]
    ],
    "Dervişpaşa Mahallesi": [
      [36.6284984, 37.0203509],
      [36.6293353, 37.0198883],
      [36.6297001, 37.0195543]
    ],
    "Kuşçumustafa Mahallesi": [
      [36.5733361, 37.0925933],
      [36.5767586, 37.0928843],
      [36.5795159, 37.0936117]
    ],
    "Fevzipaşa Mahallesi": [
      [36.6834515, 37.0920113],
      [36.6832101, 37.0921996],
      [36.6829419, 37.0922895]
    ],
    "Zincirli Mahallesi": [
      [36.7197847, 37.1047703],
      [36.7050004, 37.1109394],
      [36.6997003, 37.1121287]
    ],
    "Güllühüyük Mahallesi": [
      [36.6457987, 37.0147442],
      [36.645509, 37.0146713],
      [36.6454178, 37.0143844]
    ],
    "Değirmencik Mahallesi": [
      [36.6192663, 36.9897594],
      [36.6166699, 36.9922445],
      [36.61542, 36.9934271]
    ],
    "Telli Mahallesi": [
      [36.6237992, 37.0278802],
      [36.6241586, 37.0280986],
      [36.6247165, 37.0284626]
    ],
    "Beyler Mahallesi": [
      [36.6287613, 37.0465031],
      [36.6301238, 37.0442766],
      [36.6322696, 37.0408255]
    ],
    "Erenler Mahallesi": [
      [36.6287613, 37.0465031],
      [36.6286218, 37.0466744],
      [36.6258752, 37.0511356]
    ],